[
  {
    "id": "event1",
    "year": 1772,
    "title": "Première épidémie de grippe à Tahiti",
    "categories": ["Protection et gestion des risques"],
    "keywords": ["grippe", "épidémie"],
    "sources": [{"id_doc": "doc1"}],
    "more": [
      {"label": "Document PDF", "url": "https://example.com/doc1.pdf"},
      {"label": "Page complémentaire", "url": "https://example.com/page1"}
    ],
    "added": "2025-06-21",
    "slug": "1772-premiere-epidemie-de-grippe-a-tahiti",
    "description": "Une épidémie de grippe frappe Tahiti pour la première fois, introduite par les contacts avec les navigateurs européens.",
    "validated": true
  },
  {
    "id": "event2",
    "year": 1800,
    "title": "Création du premier dispensaire",
    "categories": ["Accès"],
    "keywords": ["dispensaire", "soins"],
    "sources": [{"id_doc": "doc2"}],
    "added": "2025-06-21",
    "slug": "1800-creation-du-premier-dispensaire",
    "more": [{"label": "En savoir plus", "url": "https://example.com/info"}],
    "description": "Mise en place du premier dispensaire offrant un accès structuré aux soins de santé pour la population.",
    "validated": false
  },
  {
    "id": "event3",
    "year": 1918,
    "title": "Grippe espagnole en Polynésie",
    "categories": ["Protection et gestion des risques"],
    "keywords": ["pandémie", "grippe"],
    "sources": [{"id_doc": "doc3"}],
    "added": "2025-06-21",
    "slug": "1918-grippe-espagnole-en-polynesie",
    "more": [{"label": "En savoir plus", "url": "https://example.com/info"}],
    "description": "La grippe espagnole atteint la Polynésie, causant de lourdes pertes humaines dans une population peu immunisée.",
    "validated": false
  },
  {
    "id": "event4",
    "year": 2023,
    "title": "Observatoire des maladies chroniques",
    "categories": ["Données et recherche"],
    "keywords": ["observatoire", "maladies chroniques"],
    "sources": [{"id_doc": "doc15"}],
    "more": [{"label": "En savoir plus", "url": "https://example.com/info"}],
    "added": "2025-06-21",
    "slug": "2023-observatoire-maladies-chroniques",
    "description": "Création d’un observatoire pour surveiller et analyser les maladies chroniques en Polynésie.",
    "validated": false
  }
]
